<?xml version="1.0" encoding="UTF-8"?>
<beans xmlns="http://www.springframework.org/schema/beans" xmlns:xsi="http://www.w3.org/2001/XMLSchema-instance"
				xmlns:context="http://www.springframework.org/schema/context"
				xmlns:util="http://www.springframework.org/schema/util"
				xsi:schemaLocation="http://www.springframework.org/schema/beans http://www.springframework.org/schema/beans/spring-beans-3.0.xsd
		http://www.springframework.org/schema/util http://www.springframework.org/schema/util/spring-util-3.0.xsd
		http://www.springframework.org/schema/context http://www.springframework.org/schema/context/spring-context-3.0.xsd">
		
	<!-- To enable @RequestMapping process on type level and method level -->
	<util:properties id="socialAuthProperties">
		<prop key="www.google.com.consumer_key">opensource.brickred.com</prop>
		<prop key="www.google.com.consumer_secret">YC06FqhmCLWvtBg/O4W/aJfj</prop>
		<prop key="api.login.yahoo.com.consumer_key">dj0yJmk9VTdaSUVTU3RrWlRzJmQ9WVdrOWNtSjZNMFpITm1VbWNHbzlNQS0tJnM9Y29uc3VtZXJzZWNyZXQmeD1iMA--</prop>
		<prop key="api.login.yahoo.com.consumer_secret">1db3d0b897dac60e151aa9e2499fcb2a6b474546</prop>
		<prop key="twitter.com.consumer_key">E3hm7J9IQbWLijpiQG7W8Q</prop>
		<prop key="twitter.com.consumer_secret">SGKNuXyybt0iDdgsuzVbFHOaemV7V6pr0wKwbaT2MH0</prop>
		<prop key="graph.facebook.com.consumer_key">152190004803645</prop>
		<prop key="graph.facebook.com.consumer_secret">64c94bd02180b0ade85889b44b2ba7c4</prop>
		<prop key="consent.live.com.consumer_key">000000004403D60E</prop>
		<prop key="consent.live.com.consumer_secret">cYqlii67pTvgPD4pdB7NUVC7L4MIHCcs</prop>
		<!-- <prop key="api.linkedin.com.consumer_key">9-mmqg28fpMocVuAg87exH-RXKs70yms52GSFIqkZN25S3m96kdPGBbuSxdSBIyL</prop>
		<prop key="api.linkedin.com.consumer_secret">e6NBqhDYE1fX17RwYGW5vMp25Cvh7Sbw9t-zMYTIW_T5LytY5OwJ12snh_YftgE4</prop> -->
		<prop key="api.linkedin.com.consumer_key">95ov9in19nvl</prop>
		<prop key="api.linkedin.com.consumer_secret">CpVFHD8QATXtSpWh</prop>
		<prop key="foursquare.com.consumer_key">JQKEM1PHWFW4YF2YPEQBRRESXE3SBGNCYJWWDTZKF3IZNJ3V</prop>
		<prop key="foursquare.com.consumer_secret">4IILLDFDVPP2LC554S4KXKETQNTDKPDSEVCKVHA2QEHKYBEQ</prop>
		<prop key="api.myspace.com.consumer_key">29db395f5ee8426bb90b1db65c91c956</prop>
		<prop key="api.myspace.com.consumer_secret">0fdccc829c474e42867e16b68cda37a4c4b7b08eda574fe6a959943e3e9be709</prop>
		<prop key="api.mendeley.com.consumer_key">f31077a7576d5e02537e232eb649403c04fce1dd0</prop>
		<prop key="api.mendeley.com.consumer_secret">1810bc92d4625f673e4ff35cb248aab3</prop>
		<prop key="www.yammer.com.consumer_key">5zyIkp12TrkulSRbSegQ</prop>
		<prop key="www.yammer.com.consumer_secret">zUcCB9kqWhI1IiTAJbl9QdG2AWcUJMDWp3Qyv5VJJw</prop>
	</util:properties>
</beans>
