<?xml version="1.0" encoding="UTF-8"?>
<beans xmlns="http://www.springframework.org/schema/beans"
	xmlns:xsi="http://www.w3.org/2001/XMLSchema-instance" 
	xmlns:aop="http://www.springframework.org/schema/aop" 
	xmlns:context="http://www.springframework.org/schema/context"
	xsi:schemaLocation="
		http://www.springframework.org/schema/beans
		http://www.springframework.org/schema/beans/spring-beans-3.0.xsd
		http://www.springframework.org/schema/context 
		http://www.springframework.org/schema/context/spring-context-3.0.xsd
		http://www.springframework.org/schema/aop
		http://www.springframework.org/schema/aop/spring-aop-3.0.xsd">

	<context:component-scan base-package="org.brickred.controller" />
	<!-- To enable @RequestMapping process on type level and method level -->
	<bean class="org.springframework.web.servlet.mvc.annotation.DefaultAnnotationHandlerMapping" />
	<bean class="org.springframework.web.servlet.mvc.annotation.AnnotationMethodHandlerAdapter"/>

	<import resource="properties.xml" />
	<bean id="socialAuthConfig" class="org.brickred.socialauth.SocialAuthConfig">
		<property name="applicationProperties"><ref bean="socialAuthProperties"/></property>
	</bean>
	
	<bean id="socialAuthManager" class="org.brickred.socialauth.SocialAuthManager" scope="session">
		<property name="socialAuthConfig"><ref bean="socialAuthConfig"/></property>
		<aop:scoped-proxy/>
	</bean>
	
	<bean id="socialAuthTemplate" class="org.brickred.socialauth.spring.bean.SocialAuthTemplate" scope="session">
		<aop:scoped-proxy/>
	</bean>
	
	<bean id="socialAuthWebController" class="org.brickred.socialauth.spring.controller.SocialAuthWebController">
		<constructor-arg value="http://opensource.brickred.com/socialauth-spring-demo" />
		<constructor-arg value="authSuccess.do" />
		<constructor-arg value="jsp/accessDenied.jsp" />
	</bean>
	
</beans>