<?xml version="1.0" encoding="UTF-8"?>
<faces-config version="1.2"
              xmlns="http://java.sun.com/xml/ns/javaee"
              xmlns:xsi="http://www.w3.org/2001/XMLSchema-instance"
              xsi:schemaLocation="http://java.sun.com/xml/ns/javaee http://java.sun.com/xml/ns/javaee/web-facesconfig_1_2.xsd">
        
    <!-- Facelets support -->
    <application>
        <view-handler>com.sun.facelets.FaceletViewHandler</view-handler>
    </application>

    <application>
    	<message-bundle>
    		org.brickred.socialauthseam.bundle.MessageResources
    	</message-bundle>
    	<locale-config>
    		<default-locale>en</default-locale>
    	</locale-config>
    </application>
	
    <lifecycle>
        <phase-listener>org.brickred.socialauth.seam.SocialAuthPhaseListener</phase-listener>
    </lifecycle>
</faces-config>
