<?xml version="1.0" encoding="UTF-8"?>
<pages xmlns="http://jboss.com/products/seam/pages" xmlns:xsi="http://www.w3.org/2001/XMLSchema-instance"
    xsi:schemaLocation="http://jboss.com/products/seam/pages http://jboss.com/products/seam/pages-2.2.xsd"
    no-conversation-view-id="/home.xhtml" login-view-id="/home.xhtml">

    <page view-id="/success.xhtml"/>
	<exception>
      <end-conversation/>
      <redirect view-id="/error.xhtml">
          <message>Unexpected failure</message>
      </redirect>
   </exception>
    
 </pages>
